<?xml version="1.0" encoding="UTF-8" standalone="yes"?>
<addon id="plugin.program.rhino" name="Albino Rhino Wizard" version="1.0.0" provider-name="The Iceman">
	<requires>
		<import addon="xbmc.python" version="3.0.0"/>
		<import addon="script.module.requests" optional="true" />
		<import addon="script.module.urllib3" version="2.1.0"/>
	</requires>
	<extension point="xbmc.python.pluginsource" library="addon.py">
		<provides>executable</provides>
	</extension>
	<extension point="xbmc.service" library="service.py" />
	<extension point="xbmc.addon.metadata">
		<summary lang="en_GB">Albino Rhino is exclusively for family members of the IceMan.</summary>
		<description lang="en_GB">Kodi Wizard</description>
		<disclaimer lang="en_GB">This Addon contains no content</disclaimer>
		<language>en</language>
		<platform>all</platform>
		<license>GPL-2.0-or-later</license>
		<forum></forum>
		<website></website> 
		<email></email>
		<source></source>
		<news>3.0.2 - Added speedtest. Bugfixes. 3.0.0 - Added backup/restore functionality for trakt/debrid accounts. Updated debrid/trakt authorization section. Restore of gui/skin settings has been added. Updated Advancedsettings configs. Updated wizard artwork. Added user edited color options for menus. Fixed wizard writing over itself during build installs. Edited fresh start to keep wizard/dependencies. Removed double ok dialog during build installs. Numerous other small fixes throughout.
		</news>
		<assets>
				<icon>icon.png</icon>
				<fanart>fanart.jpg</fanart>
				<banner></banner>
				<clearlogo></clearlogo>
				<screenshot></screenshot>
		</assets>
	</extension>
</addon>